DATE,Producer Price Index(By  Industry in $),Export Price Index(End Use of semiconductors),Import Price Index(in $ End Use of semiconductors),No. of employed peoples in semiconductor industry,Export Price Index (End use excluding without semiconductors),Relative Importance Weights (Contribution to the Total Industrial Production Index % WISE),"Import Price Index (End Use): Capital Goods, Excluding Computers, Peripherals, and Semiconductors","Export Price Index(End Use): Capital Goods, Excluding Computers, Peripherals, and Semiconductors","Industrial Production: Non-Energy Excluding Motor Vehicles & Parts, Computers, Communications Equipment, and Semiconductors"
01-01-1985,100.5,.,.,670.8,.,5.5335,.,,81.43
01-02-1985,100.8,.,.,665.6,.,5.3861,.,,81.4319
01-03-1985,100.9,169,141.6,660.9,223.9,5.3103,69.2,,82.1699
01-04-1985,100.6,.,.,653.9,.,5.1255,.,,81.9731
01-05-1985,100.1,.,.,647.2,.,5.0821,.,,82.1311
01-06-1985,100.1,169.6,147.5,639.6,220.9,5.0562,70.3,,82.2561
01-07-1985,100.4,.,.,626.5,.,4.9461,.,,81.6641
01-08-1985,100.5,.,.,623.6,.,4.9468,.,,82.2985
01-09-1985,100.5,163.8,137.2,618.1,220.4,4.8799,71.7,,82.5875
01-10-1985,100.5,.,.,611.9,.,4.9109,.,,82.3289
01-11-1985,100.6,.,.,607.1,.,4.9498,.,,82.8087
01-12-1985,100.8,155.9,137.6,603.9,218.9,4.9321,74,,83.2342
01-01-1986,101.4,.,.,605.8,.,4.9069,.,,84.0596
01-02-1986,101.6,.,.,605.4,.,4.9508,.,,83.6327
01-03-1986,101.8,159,132.1,604.7,221,5.0217,76.6,,83.4888
01-04-1986,102,.,.,605,.,5.0468,.,,84.0276
01-05-1986,102.1,.,.,603.9,.,5.077,.,,84.1096
01-06-1986,102.3,157.3,138.9,602.3,218.6,4.9327,79.5,,83.7559
01-07-1986,102.8,.,.,599,.,5.1702,.,,83.8877
01-08-1986,102.7,.,.,601.1,.,5.2016,.,,84.189
01-09-1986,103.1,158.9,141.3,601,217.8,5.227,81.8,,84.188
01-10-1986,103.2,.,.,599.1,.,5.2095,.,,84.6824
01-11-1986,103.1,.,.,596.2,.,5.2187,.,,84.8299
01-12-1986,103.2,159.3,144.9,595.1,216.5,5.2811,82.5,,85.442
01-01-1987,103,.,.,594.4,.,5.4203,.,,84.8666
01-02-1987,103,.,.,592.5,.,5.4264,.,,85.9233
01-03-1987,102.7,161.8,143.1,592,211.1,5.3921,86.3,,86.1316
01-04-1987,102.5,.,.,590.5,.,5.4508,.,,86.6474
01-05-1987,102.2,.,.,589,.,5.4875,.,,87.3963
01-06-1987,102.2,162.3,145.6,588.9,211.1,5.5504,88.8,,87.801
01-07-1987,102.6,.,.,590.4,.,5.6009,.,,88.5108
01-08-1987,102.6,.,.,591.9,.,5.6485,.,,88.8991
01-09-1987,102.5,162.4,144.5,593.6,210.4,5.7135,88.4,,89.2004
01-10-1987,102.7,.,.,596.7,.,5.7015,.,,90.171
01-11-1987,102.6,.,.,598.5,.,5.6763,.,,90.7535
01-12-1987,103,154.2,144.2,600.2,210,5.7263,91.8,,91.5082
01-01-1988,103.2,.,.,599.7,.,5.657,.,,91.3449
01-02-1988,103.8,.,.,602.2,.,5.613,.,,91.5488
01-03-1988,103.7,154.9,146.3,603.8,210.7,5.6295,93.6,,91.6553
01-04-1988,103.2,.,.,606.8,.,5.6271,.,,92.0777
01-05-1988,103.8,.,.,608.5,.,5.6445,.,,91.6997
01-06-1988,104,155.5,147.9,613.8,210.2,5.654,95.4,,91.7178
01-07-1988,104.1,.,.,614.7,.,5.6703,.,,92.109
01-08-1988,104.4,.,.,616.3,.,5.658,.,,92.0369
01-09-1988,104.6,153.7,161.2,616.7,212.1,5.6728,93.8,,92.08
01-10-1988,104.3,.,.,617.5,.,5.656,.,,92.4275
01-11-1988,104.6,.,.,619.2,.,5.6172,.,,92.6177
01-12-1988,104.7,152.4,167.5,619.7,211,5.5816,96.7,,92.9116
01-01-1989,104.7,.,.,616.6,.,5.5278,.,,93.6257
01-02-1989,104.9,.,.,614.5,.,5.492,.,,92.6837
01-03-1989,105,148.7,164.8,611.4,209.8,5.416,96.6,,92.8965
01-04-1989,105,.,.,608.4,.,5.4367,.,,93.1468
01-05-1989,105.1,.,.,604.9,.,5.4069,.,,92.6654
01-06-1989,105.2,147.5,162.9,602.1,207.5,5.4102,95.5,,93.1003
01-07-1989,105.2,.,.,599.1,.,5.4981,.,,92.1901
01-08-1989,105.3,.,.,598.8,.,5.4949,.,,92.4577
01-09-1989,105.2,147.3,161,594.3,207.5,5.4606,95.5,,92.1292
01-10-1989,105.5,.,.,591.2,.,5.5181,.,,92.1248
01-11-1989,105.3,.,.,589.2,.,5.4973,.,,92.0542
01-12-1989,104.9,147,160.9,586.7,207.4,5.4555,96.1,,92.057
01-01-1990,105.1,.,.,585.2,.,5.5412,.,,93.1962
01-02-1990,104.8,.,.,581.3,.,5.4713,.,,93.3681
01-03-1990,104.9,147.6,155.1,578.7,207.2,5.4557,98.6,,93.4724
01-04-1990,104.8,.,.,576.2,.,5.4204,.,,93.2862
01-05-1990,104.8,.,.,576.4,.,5.4162,.,,93.3039
01-06-1990,104.9,147.1,147,573.2,206.4,5.3892,98.5,,93.3841
01-07-1990,105.4,.,.,572.1,.,5.3631,.,,93.3852
01-08-1990,104.8,.,.,572.1,.,5.3078,.,,93.7267
01-09-1990,104.8,144.2,146.9,570.4,206.6,5.295,100.4,,93.4121
01-10-1990,104.8,.,.,568.8,.,5.3067,.,,92.9389
01-11-1990,104.7,.,.,566.7,.,5.3327,.,,92.7046
01-12-1990,104.9,143.7,148.5,565.1,203.8,5.312,102.8,,92.1157
01-01-1991,105.4,.,.,562.5,.,5.286,.,,91.1122
01-02-1991,105.5,.,.,560.7,.,5.3408,.,,90.6922
01-03-1991,105.3,141.8,149.2,557.9,204,5.3559,103.8,,89.7474
01-04-1991,105.3,.,.,554.9,.,5.3154,.,,89.8664
01-05-1991,104.9,.,.,552,.,5.2753,.,,90.1069
01-06-1991,105.1,141.6,148.5,549.6,202.3,5.2159,101.2,,90.6962
01-07-1991,104.9,.,.,546.1,.,5.1876,.,,90.7075
01-08-1991,104.8,.,.,542.2,.,5.205,.,,91.3756
01-09-1991,104.6,149.4,148.7,538.6,199.8,5.1367,101.1,,91.8231
01-10-1991,104.5,.,.,535.1,.,5.1303,.,,91.7641
01-11-1991,104.4,.,.,531.7,.,5.1576,.,,91.5818
01-12-1991,104.5,150.2,149.4,526.4,197.3,5.2908,103.2,,91.2151
01-01-1992,104.3,.,.,525.5,.,5.4428,.,,91.0869
01-02-1992,104.8,.,.,523.5,.,5.4313,.,,91.39
01-03-1992,105.4,148.5,146.4,519,195.9,5.4337,103.6,,92.1236
01-04-1992,105.4,.,.,519.4,.,5.4924,.,,92.2985
01-05-1992,104.8,.,.,519.2,.,5.5318,.,,92.4822
01-06-1992,104.7,143.9,148.7,518.8,194,5.623,103.8,,92.7387
01-07-1992,104.5,.,.,518.6,.,5.6224,.,,93.1686
01-08-1992,104.3,.,.,517.7,.,5.6414,.,,92.9041
01-09-1992,104.2,143.6,149.9,517.5,192.7,5.681,106.3,,92.9855
01-10-1992,104.3,.,.,518.2,.,5.7624,.,,93.1523
01-11-1992,104.1,.,.,518.8,.,5.7982,.,,93.4095
01-12-1992,104.5,143.8,150.4,518.7,187.2,5.7485,104.6,,93.1083
01-01-1993,104.6,.,.,519.4,.,5.6742,.,,93.972
01-02-1993,105.2,.,.,520.3,.,5.6559,.,,94.2204
01-03-1993,105.3,140,151.4,521,180.6,5.6648,104.7,,93.8208
01-04-1993,105.7,.,.,520.7,.,5.6293,.,,94.2453
01-05-1993,105.5,.,.,519.8,.,5.6091,.,,94.0609
01-06-1993,105.5,141.9,156.4,519,178.1,5.5651,106.4,,93.9412
01-07-1993,105.2,.,.,516.8,.,5.535,.,,94.3967
01-08-1993,105.3,.,.,517.8,.,5.5847,.,,94.2667
01-09-1993,105.4,140,164.2,518.2,174.3,5.6507,107.3,,94.5674
01-10-1993,105.3,.,.,519.3,.,5.7011,.,,94.837
01-11-1993,105.6,.,.,520.6,.,5.7706,.,,95.0823
01-12-1993,105.3,141.5,162,521.2,171.5,5.7956,107.4,,95.5764
01-01-1994,105.3,141.2,161.4,522.3,169.1,5.832,107.6,,95.3652
01-02-1994,105.4,142.3,160.1,523.5,167.6,5.8568,107.5,,95.2894
01-03-1994,105.4,142,161.7,525.7,167,6.0025,108,,96.5825
01-04-1994,105.5,139.5,161.5,528.4,166.5,6.1999,108.2,,97.0457
01-05-1994,105.4,138.7,161.3,530.5,165.3,6.3487,108.4,,97.5058
01-06-1994,105.5,138.6,161.6,532.7,163.9,6.3966,108.7,,97.6017
01-07-1994,105.4,138.1,160.7,535.1,163.4,6.4754,109.1,,97.7808
01-08-1994,104.7,138.7,161.5,539.8,159,6.5662,109.9,,98.1665
01-09-1994,104.2,134.2,161.5,542.9,159.1,6.6978,109.8,,98.3376
01-10-1994,103.6,134.6,162.3,544.8,158.2,6.8132,110.2,,98.9927
01-11-1994,103.5,133.8,160.5,546.9,158,6.8663,110.5,,99.6416
01-12-1994,103.3,133.6,159.7,550,157.5,6.8617,110.2,,100.6571
01-01-1995,103.1,133.9,159.7,553.7,156.4,6.8052,110,,100.6845
01-02-1995,103.6,132.5,158.4,555.3,155.5,6.7891,110.5,,100.1993
01-03-1995,102.8,134.7,159.3,558.1,154.9,6.9207,110.9,,100.1578
01-04-1995,102.9,136.2,159.4,560.7,155.2,7.0071,112.2,,99.6992
01-05-1995,102.7,136.4,161.5,564.2,154.8,7.0969,113.4,,99.968
01-06-1995,102.5,139.5,161.4,567,154.1,7.1334,113.4,,100.1706
01-07-1995,102.1,139.3,156.7,570.6,153.5,7.1192,113.4,,99.5475
01-08-1995,102,138.8,154.9,575.4,151.5,7.1658,113.3,,100.1889
01-09-1995,102.1,139,153.6,580.5,150.8,7.2941,112.5,,100.6984
01-10-1995,102.3,138.1,153,584.4,149.6,7.3925,112,,100.447
01-11-1995,102.3,138.1,152.4,588.8,148.7,7.3658,112.5,,100.3313
01-12-1995,102.2,137.8,150.9,592.9,148.8,7.4368,112.5,,100.1719
01-01-1996,102,137.6,149.3,596.4,145.9,7.5437,112.5,,99.2721
01-02-1996,101.8,138.4,147.9,600.9,145.5,7.5647,112.2,,100.1486
01-03-1996,100.6,136.1,145,600,145,7.5283,111.9,,100.6838
01-04-1996,99.7,136.6,142.9,602.5,143.3,7.3691,111.3,,100.7081
01-05-1996,99.1,136,140.8,603.9,142.3,7.2933,110.9,,101.3212
01-06-1996,98.7,133.9,138.9,606.4,142.2,7.2507,110.6,,101.963
01-07-1996,98.7,130.2,136.7,608.8,139.6,7.3679,110.4,,101.8662
01-08-1996,98.7,129.8,132.7,610.3,138.5,7.4677,110.1,,102.3206
01-09-1996,98.8,129.7,136,610.9,136.5,7.5228,110.5,,102.9197
01-10-1996,98,128.9,132.9,611,135.8,7.6519,110.2,,102.8793
01-11-1996,97.8,128.4,129.4,613.1,134.7,7.6089,109.8,,103.3696
01-12-1996,97.8,128.7,126.9,615,132.7,7.6118,109.6,,103.9436
01-01-1997,97.2,127.1,120,617.3,132.3,7.6508,107.8,,103.6958
01-02-1997,96.6,127,119.8,621.2,131,7.7717,107.4,,104.8136
01-03-1997,96.6,126.7,122.8,625.6,130.2,7.862,107.2,,105.4253
01-04-1997,96.2,126.8,120.2,628.8,129.3,7.9662,106.6,,105.4634
01-05-1997,95.4,126.7,119.7,632.4,127.1,8.0714,106.2,,105.6347
01-06-1997,95.5,125,120.7,637.9,126.3,8.1165,106.6,,105.6841
01-07-1997,95.5,125,119.1,642.2,125.2,8.1184,106.3,,106.357
01-08-1997,94.2,124.6,118.7,647,125.2,8.1648,106,,107.2075
01-09-1997,94.2,120.3,117.8,650.4,124.6,8.2008,105.6,,107.9174
01-10-1997,93.6,119.3,116.5,656,123.5,8.1404,105.4,,108.589
01-11-1997,93.3,119,113.7,658,122.9,8.126,104.9,,109.0973
01-12-1997,93.3,117.3,111.1,661.2,121.1,8.0903,104.4,,109.5011
01-01-1998,92.9,117.3,110.4,664.7,119.9,8.0573,103.9,,110.2784
01-02-1998,92.6,117.1,107.7,663.9,119.4,7.9296,103.2,,110.4032
01-03-1998,92.5,115.2,107.4,663.4,118.1,7.7848,103.1,,109.9271
01-04-1998,92.4,114.7,108,661.1,116.9,7.6876,103,,110.2314
01-05-1998,92.1,114.2,108,659,116.7,7.4561,102.9,,110.6767
01-06-1998,92,112.9,105.3,655,112.8,7.473,102.2,,110.3774
01-07-1998,91.7,110.8,103.7,649.7,112.1,7.5982,101.5,,110.6347
01-08-1998,91.5,110.8,104,645,111.1,7.5959,101.6,,110.744
01-09-1998,91.3,111,103.6,641.6,110.3,7.7722,101.2,,109.9891
01-10-1998,91.2,111.1,104.7,637.2,109.9,7.8481,101.9,,110.4084
01-11-1998,91,110.3,103.9,631.7,109.8,7.9529,102.3,,110.2973
01-12-1998,91,110,104.5,628,109.6,8.0551,102.2,,110.4318
01-01-1999,90.8,108.7,104.4,625.1,108.4,8.1703,102.3,,110.3026
01-02-1999,90.7,108.9,105.1,624.1,107.9,8.2897,102.6,,110.7637
01-03-1999,90.7,107.2,105.2,625.2,107.4,8.3738,102.2,,110.2938
01-04-1999,90.5,108.1,104.5,627.2,106.9,8.4937,101.8,,110.0608
01-05-1999,90.4,106.5,104.1,628,106.1,8.4545,101.5,,110.6359
01-06-1999,89.9,105.2,103.4,630.3,105.1,8.5044,101.2,,110.0943
01-07-1999,89.7,104.3,101.5,630.7,104.1,8.6267,100.6,,110.0884
01-08-1999,89.9,103.7,102,631.1,104.1,8.4477,100.7,,110.4327
01-09-1999,90,103.9,102.7,633.6,102.9,8.3335,101,,109.957
01-10-1999,89.7,103.4,102.6,634.5,103.4,8.2094,100.9,,111.3183
01-11-1999,89.5,103.2,101.3,637.5,103.3,8.2178,100.8,,111.9879
01-12-1999,89.3,102.4,100.9,640,102.9,8.192,100.4,,112.6226
01-01-2000,88.8,102,101,641,102.7,8.293,100.5,100,111.9349
01-02-2000,88.6,101.9,100.7,646,100.5,8.3383,100.4,100.2,111.9804
01-03-2000,88.6,101.3,100.3,649,100.5,8.366,100.1,99.8,112.3424
01-04-2000,88.9,101.4,101.2,654.3,100.1,8.359,100.5,100.1,112.6512
01-05-2000,88.5,101,100.6,659.1,100.2,8.396,100.4,100.6,112.1211
01-06-2000,88.8,99.5,100.1,670.7,99.9,8.2997,100.1,100.7,112.2614
01-07-2000,89.3,99.3,99.3,683.8,100,8.377,100,101.1,112.2939
01-08-2000,89.2,99.2,99.6,691.3,99.4,8.3318,99.9,101.5,111.052
01-09-2000,89.1,99,99.4,696.7,99.3,8.2083,99.8,101.8,111.5116
01-10-2000,88.8,98.6,99.7,703.5,99.2,8.1089,99.6,102.2,111.0077
01-11-2000,88.6,98.4,99.5,708.9,99.2,8.0512,99.5,102.2,110.7551
01-12-2000,87.9,98.4,98.7,710.4,99,7.9719,99.3,102.3,110.1636
01-01-2001,87.9,97.7,98.7,714.5,98.8,7.7439,99.2,102.1,110.0622
01-02-2001,87.5,97.5,98.4,712.3,98.7,7.4734,99.2,102.6,109.0582
01-03-2001,87.3,97.9,98.1,704.4,98.2,7.2383,99.5,103.2,108.2228
01-04-2001,87.1,96.5,97.3,686.5,98.2,6.8663,99.1,103.5,107.973
01-05-2001,86.9,96.1,96.9,669.4,97.2,6.5356,98.9,103.4,107.1378
01-06-2001,86.5,95.2,96.3,649.1,96.4,6.2161,98.8,103.5,106.7364
01-07-2001,86.3,94,96.7,630.2,96,5.9442,98.7,103.7,106.3056
01-08-2001,85.6,94.3,96.7,614.7,94.9,5.8668,98.6,103.7,105.9473
01-09-2001,85.4,94.3,96.2,606.3,94.9,5.871,98.7,103.7,105.7625
01-10-2001,85.3,90.3,96.5,595.1,94.9,5.8718,98.8,104.2,105.3198
01-11-2001,85.4,90.3,96.4,584.8,94.3,5.7994,98.6,104.6,104.5291
01-12-2001,85.4,90.6,95.2,575.4,92.5,5.878,98.3,105.2,104.2948
01-01-2002,85.7,88.4,95.2,563.4,92.3,5.7732,97.6,105.5,105.0674
01-02-2002,85.8,88.4,95.4,553.4,92.9,5.856,97.2,106.5,104.7875
01-03-2002,86.1,88.7,95.5,544.8,93.3,5.8162,96.9,107.2,105.5071
01-04-2002,85.4,88.9,95.9,539.9,92.8,5.7772,96.8,108.1,105.4927
01-05-2002,84.9,88.5,95.9,535.8,91.7,5.7112,96.6,108.8,106.0787
01-06-2002,84.8,87.2,95.6,529.3,89.8,5.6602,96.9,109.3,107.0385
01-07-2002,84.8,86.1,94.2,523.3,89.8,5.6023,96.9,108.7,106.4622
01-08-2002,84.6,86.1,94.2,514.7,89.7,5.569,97.3,109.3,106.6785
01-09-2002,84.6,86.3,94.2,507.4,88.6,5.4852,97.1,108.8,106.804
01-10-2002,84.3,85.8,93.3,501,88.3,5.3778,96.9,109.2,106.5
01-11-2002,84.3,85.8,93.3,493,87.8,5.2793,96.8,110.1,106.4972
01-12-2002,83,85.1,92.7,487,88,5.2178,97,110.5,106.1407
01-01-2003,82.8,84.3,92.1,481.2,88.2,5.1265,97.2,110.7,106.4915
01-02-2003,82.4,84.3,92.5,476.7,89,5.1619,97.4,111.7,106.4576
01-03-2003,82.4,84.3,91.9,473.5,88.9,5.1265,97.6,111.8,106.4428
01-04-2003,82.6,84.4,92.5,468.5,88.8,5.1249,97.6,112.7,105.4721
01-05-2003,82.7,84.2,91.6,463.6,88.8,5.1301,97.7,113.4,105.3861
01-06-2003,82.1,80.2,91.7,460,88.1,5.1732,98.1,113.2,105.5992
01-07-2003,82.1,80.4,93,455.6,88,5.2567,98.3,113.2,105.2
01-08-2003,80,80.4,92.9,453.7,87.9,5.3267,98.1,113.5,104.9765
01-09-2003,79.1,79.6,93.5,451.4,87.6,5.3534,97.8,113.5,105.2405
01-10-2003,79.1,78.2,93,449.3,87.7,5.4286,97.8,114.7,105.2924
01-11-2003,79.3,77.8,93,449.5,87.8,5.4417,98.3,115.7,106.1
01-12-2003,78.4,77.6,91.3,449.7,88.6,5.4349,98.2,114.9,105.9077
01-01-2004,77.7,76.9,90.7,448.6,87.9,5.475,98.7,115.1,105.586
01-02-2004,78.4,77.6,90.4,450.3,88.4,5.4557,98.7,116,106.3147
01-03-2004,78.1,78.1,90.3,450.4,88.6,5.451,98.8,116.3,106.3017
01-04-2004,78.8,78.2,88.7,451.7,89,5.3553,98.8,116.5,106.8009
01-05-2004,78.3,78.2,89,454.1,88.8,5.2848,98.7,117.5,107.7948
01-06-2004,78.5,77.4,88.8,455.7,87.3,5.2661,98.7,118.5,107.2925
01-07-2004,78.5,77.3,87.9,458.8,86.9,5.1474,99,119.5,108.4802
01-08-2004,78.3,77.2,87.9,458.1,86.7,5.1117,99.2,120.1,108.7337
01-09-2004,78.2,77,87.7,458.3,86.3,5.0936,99.2,120.8,108.7077
01-10-2004,78.3,76.8,86.8,457.4,85.3,5.014,99.4,120.3,109.5049
01-11-2004,78,76.8,86.8,455.4,84.5,4.9471,99.7,119.9,109.6937
01-12-2004,78.1,76.9,86.6,450.9,83.9,4.9001,100.2,120.6,110.1122
01-01-2005,77.7,76.8,86.5,449.9,83.1,4.9296,100.9,121.4,110.8784
01-02-2005,77.5,76.5,86.4,451.5,83.1,4.9216,101.1,122.1,111.3493
01-03-2005,77.2,76.4,86.6,451.8,82.4,4.888,101.2,123.2,111.0395
01-04-2005,76.9,75.9,86.2,451,81.6,4.8823,101.5,124.3,111.464
01-05-2005,76.6,75.8,86,451.1,81.3,4.846,101.6,124.9,111.7924
01-06-2005,76.4,76.1,86,451.2,81,4.7791,101.6,125.3,111.6551
01-07-2005,76.6,75.1,85.1,451.8,79.6,4.8087,101.4,125.8,111.6232
01-08-2005,76.8,72.8,85.3,452.6,79.7,4.84,101.4,126,111.6953
01-09-2005,76.2,72.5,84.6,453.2,79.3,5.0051,101.6,126.3,110.055
01-10-2005,75.9,72.5,84,453.2,78.5,4.9982,101.5,126.8,111.6313
01-11-2005,75.2,72.2,84,452.8,77.7,4.9307,101.5,127.9,112.5736
01-12-2005,74.9,72.1,84.8,452.4,77.3,4.8895,101.4,129.2,113.0672
01-01-2006,74.6,71.5,84.6,451.4,78.2,4.8592,101.7,129.9,113.7453
01-02-2006,74.3,70.5,84.7,455.7,78,4.8582,102,131.7,113.4096
01-03-2006,74.6,70.4,85,456.7,78,4.8134,102,133,113.3168
01-04-2006,75,70.1,84.8,460.1,77.4,4.7561,102.2,135.6,113.7013
01-05-2006,75.2,69.7,84.5,459.6,77.6,4.747,102.4,136.2,113.1684
01-06-2006,75.1,69.4,84.8,461,77.1,4.7181,103,136.8,113.1166
01-07-2006,75.3,68.7,85.5,461.7,76.8,4.669,103.2,138.2,113.3892
01-08-2006,75.3,67.3,85.4,461.1,76.5,4.6657,103.2,140.7,113.492
01-09-2006,75.8,67.3,85.2,459.7,77,4.6832,103.4,138.3,113.6099
01-10-2006,75.5,67.3,86,458.1,76.7,4.6219,103.5,137.2,113.2498
01-11-2006,75.4,67.2,86,456.5,76.1,4.5702,103.5,134.3,113.0781
01-12-2006,75.6,67.1,85.5,452.6,75.5,4.4674,103.7,129.7,114.6866
01-01-2007,75.4,66.8,85,456.2,74.2,4.6608,104.3,126.7,114.2037
01-02-2007,72.6,67.2,84.3,454.4,73.6,4.5811,104.3,127.6,114.3362
01-03-2007,71.6,67.2,83.7,451.6,72.8,4.6398,104.5,127.1,114.9497
01-04-2007,71.5,67.7,80.5,449.5,71.5,4.665,104.8,126.3,115.3861
01-05-2007,70.7,67.7,80.6,450.1,71.5,4.5017,105.1,126.8,115.3464
01-06-2007,71,67.9,81,449.8,71.2,4.2733,105.6,127.5,115.8327
01-07-2007,69.8,67.9,81.4,448.5,70.8,4.2045,106,128.9,115.9626
01-08-2007,69.1,67.8,81.6,444.2,70.3,4.1714,106.2,128.4,115.4183
01-09-2007,68.5,67.9,82,441.8,70.2,4.1919,106.3,129.3,116.1231
01-10-2007,67.8,67.6,81.7,441,70.1,4.3026,106.6,129,115.5261
01-11-2007,67.5,68,82.5,441.7,69.7,4.365,106.8,129.2,115.9875
01-12-2007,66.9,68.5,81.8,441.2,69.4,4.3651,107.1,130.4,116.1031
01-01-2008,66.7,68.1,80.9,440.8,68.6,4.3418,107.5,131.3,115.8185
01-02-2008,66.7,68.5,80.6,438.5,67.9,4.3806,107.9,132.6,114.7165
01-03-2008,66.7,67.8,79.9,438.4,67.1,4.4036,108.3,132.2,114.5117
01-04-2008,66.6,67.6,79.2,437,66.7,4.3891,109.8,133.2,113.4083
01-05-2008,66.6,67.4,80.1,434.7,66.3,4.3758,110.2,134.7,112.598
01-06-2008,66.6,69,79.1,431.3,65.8,4.3176,110.5,135.5,111.6511
01-07-2008,66.2,67.2,77.8,432.4,65.4,4.2291,111.2,134.6,110.6325
01-08-2008,66,66.9,78.3,432.4,64.6,4.2351,111.4,134.4,109.7174
01-09-2008,65.8,66.5,78.3,430.7,64.3,4.3293,111.5,135.7,105.9824
01-10-2008,66.1,64.6,77.7,427,63.7,4.0858,111.6,136.6,105.1929
01-11-2008,65.8,64.5,77.4,421.6,63.5,3.8619,111.2,137.8,102.9163
01-12-2008,65.4,64.2,77.9,416.2,62.8,3.7126,111.1,140,99.6
01-01-2009,64.8,64.7,75.8,407.6,62.3,3.7258,111.5,141,97.849
01-02-2009,65,66,75.3,400.8,62,3.7551,111.2,142.9,97.0299
01-03-2009,65.3,66.1,75.3,395,61.2,3.8401,110.6,145.1,94.8746
01-04-2009,65.4,67.4,76.9,387.5,61.3,3.8858,110.7,147.3,93.9824
01-05-2009,65.5,67.7,76.7,381.1,61.4,3.9275,110.7,148.6,93.4132
01-06-2009,65.4,67.5,76.7,374,61.2,3.9191,110.7,149.2,93.2816
01-07-2009,65.6,67.3,75.2,370.1,60.9,3.8615,110.8,149.5,93.4099
01-08-2009,65.5,67.4,75.8,367.3,60.9,3.7625,110.8,149,94.5067
01-09-2009,65.5,67.5,76.1,365.4,61.4,3.7167,110.8,149.7,94.5952
01-10-2009,65.6,64.9,75.7,363.6,61.6,3.6838,110.9,150.4,94.7343
01-11-2009,65.7,64.9,76.6,363.6,62.4,3.6541,110.9,147.3,95.5601
01-12-2009,65.4,64.6,74.5,363,61.9,3.5916,111.2,147.4,95.0639
01-01-2010,64.6,65,75.2,364,60.8,3.6021,111.2,146.7,96.1385
01-02-2010,64.7,64.9,74.8,365.4,60.3,3.6463,111.1,146.9,95.9758
01-03-2010,64.7,64.5,72.5,365.8,60.8,3.6362,110.9,147.7,96.9848
01-04-2010,64.6,64.3,72.5,367.5,62.1,3.5888,111,148.9,97.8544
01-05-2010,64.6,63.8,72.6,368.3,61.6,3.4829,111.1,149.6,98.6682
01-06-2010,64.2,63.4,72.5,369.8,60.1,3.4023,111,148.8,98.6966
01-07-2010,64.3,63,72.1,371,59.7,3.3822,111.1,146.1,98.6922
01-08-2010,63.8,62.7,72,372,59.4,3.389,111.4,146.8,99.1652
01-09-2010,63.5,62.7,72.2,371.4,59.4,3.3785,111.7,148.3,98.9945
01-10-2010,63.2,62.1,72.4,371.9,58.9,3.3785,111.9,149.5,99.1338
01-11-2010,62.2,62.1,72.2,372.1,59.1,3.4134,112.2,149.6,99.2651
01-12-2010,61.9,63,71.8,374.1,58.9,3.4507,112.4,148.7,99.5248
01-01-2011,61.9,63.2,71.1,376.3,58.2,3.4755,113.2,148.5,99.5877
01-02-2011,62.2,63.3,71,378.8,57.4,3.4555,113.8,148.9,99.3505
01-03-2011,62.1,63,71.4,381.2,57.7,3.3576,114.3,150.1,99.7868
01-04-2011,62,63,70.8,382.1,57.9,3.3234,114.8,149.3,99.8762
01-05-2011,62,62.5,70.7,382.6,57.7,3.3033,115.1,148.4,99.9054
01-06-2011,62.1,63,71.7,382.3,57.3,3.2808,115.2,147.6,99.7666
01-07-2011,61.8,63.2,70.1,384.5,56.8,3.2283,115.7,147.5,100.333
01-08-2011,61.6,63.2,69.7,385.7,56.5,3.2465,116,147.2,100.3538
01-09-2011,60.9,63.2,69.1,386.7,56.3,3.2169,116.1,146.5,100.5888
01-10-2011,61.1,63.3,68,386.7,56.2,3.1504,116.1,147.1,100.9235
01-11-2011,60.7,63.2,67.8,385.9,56,3.1515,116.3,146.2,100.9362
01-12-2011,60.2,63.6,69.7,384.4,55.9,3.1415,116.6,146.3,101.5275
01-01-2012,59.7,63.8,69.5,385,58.4,3.0841,116.9,147,102.1453
01-02-2012,59.8,63.4,69.2,385.8,58.5,3.1045,117.1,147.5,102.4573
01-03-2012,59.7,63.5,68.9,385.6,58.3,3.1312,117.3,148.7,101.8071
01-04-2012,59.8,63.2,67.5,385.2,58.1,3.1234,117.5,150.1,102.3873
01-05-2012,60,63.1,67.3,385.4,57.9,3.1197,117.4,148.5,101.8149
01-06-2012,59.7,62.9,66.9,384.8,57.8,3.1251,117.3,148.6,101.7893
01-07-2012,59.6,62.7,66.8,385.4,57.7,3.0652,117.3,147.9,101.6526
01-08-2012,59.4,62.6,66.8,382.2,57,2.9894,117.2,148,101.6909
01-09-2012,59.3,62.8,67.2,380,57,2.9773,117.4,147.2,101.5577
01-10-2012,59.3,63.2,65.8,380.3,56.9,2.9699,117.5,146.6,101.0494
01-11-2012,59.1,63,65.6,377.8,57.2,2.8933,117.5,145.3,101.7846
01-12-2012,58.8,63.1,66.2,379.1,56.9,2.836,117.4,143.9,102.1969
01-01-2013,58.9,63.8,66.2,378.4,57,2.7987,117.5,142.4,101.8763
01-02-2013,58.9,64.3,65.8,376.8,56.9,2.7212,117.4,139.8,102.1898
01-03-2013,58.7,64.2,65.4,375.6,56.7,2.6643,117.2,139.6,101.9266
01-04-2013,59.2,63,64.8,375.2,56.8,2.6462,117,139.6,101.5081
01-05-2013,59.4,63,64.9,374.9,56.6,2.6084,116.7,138.8,101.7307
01-06-2013,59.5,62.9,65,375.5,56.8,2.5727,116.6,139.5,101.8415
01-07-2013,59.5,63.9,64.7,374.7,56.3,2.591,116.6,139.2,101.3291
01-08-2013,59.4,63.8,64.9,374.7,56.3,2.5841,116.5,138.5,101.8564
01-09-2013,59.2,63.7,64.9,375,56.2,2.5626,116.4,136.5,101.8551
01-10-2013,59.3,62.7,64.7,372.4,56,2.5715,116.4,135.6,101.9341
01-11-2013,59.4,62.7,65.2,374,56.4,2.5606,116.5,135.3,101.6887
01-12-2013,59.4,62.5,65.3,371.6,56.1,2.532,116.4,134.3,101.5281
01-01-2014,58.9,61.9,65,369.8,56.2,2.5219,116.7,132.8,100.8823
01-02-2014,58.8,62,64.8,369.5,56,2.5243,116.5,131.7,101.3448
01-03-2014,58.8,62.2,64.9,368.5,56.3,2.5109,116.5,131,102.2811
01-04-2014,58.7,62,64.9,367.2,56.4,2.5103,116.5,131,102.1682
01-05-2014,58.7,62.2,64.7,367.1,56.5,2.5222,116.6,131.7,102.242
01-06-2014,58.7,62.2,64.6,365.7,56.3,2.5122,116.7,133.3,102.6722
01-07-2014,58.8,61.4,64.5,365.4,55.8,2.4975,116.7,134.3,102.7729
01-08-2014,58.8,61.6,64.6,365.7,55.5,2.5094,116.8,134.6,102.5419
01-09-2014,58.8,61.4,64.7,366.4,55.6,2.504,116.6,133.5,102.6991
01-10-2014,58.8,60.7,64.7,367.5,55.7,2.5048,116.4,134,102.5264
01-11-2014,58.8,60.8,64.2,367.1,55.4,2.4979,116.3,134.3,102.8951
01-12-2014,58.7,61.4,64,367.8,55.1,2.485,116.2,134.4,102.7978
01-01-2015,58.7,61.6,64,370,55,2.4905,115.9,134.9,102.139
01-02-2015,58.7,61.6,64,369.4,55.1,2.5111,115.5,135.3,101.5339
01-03-2015,58.6,61.6,63.9,369.1,54.7,2.519,115.4,135.8,101.6481
01-04-2015,58.6,60.9,63.9,369.8,53.9,2.5516,115,136,101.3999
01-05-2015,58.7,60.7,63.7,369.7,53.5,2.5533,115,136.3,101.1738
01-06-2015,58.3,60.9,63.3,369.1,53.1,2.5579,115,135.5,101.1704
01-07-2015,58.4,61.2,62.9,369.6,52.8,2.5129,114.7,135.3,101.2811
01-08-2015,58.2,60.8,63.1,369.1,52.5,2.4872,114.5,136,101.2901
01-09-2015,58.1,60.9,62.6,369,52.5,2.4771,114.6,136.9,100.7675
01-10-2015,58.1,60.4,62.5,369.6,52.3,2.4791,114.3,138,100.5973
01-11-2015,58.1,60.4,62.4,370.2,52.1,2.4365,114.1,138,100.5962
01-12-2015,58.1,60.1,62.3,370.4,51.7,2.4569,113.8,138.8,100.2976
01-01-2016,57.7,59.3,62.4,370.6,50.9,2.4397,113.5,138.8,100.5423
01-02-2016,57.6,59.3,62.2,371,50.6,2.4369,113.6,139.9,100.133
01-03-2016,57.6,59.4,62.2,369.4,50.1,2.4415,113.4,140.2,100.0302
01-04-2016,57.5,59.3,61.8,369.2,49.9,2.4141,113.2,140.7,99.7303
01-05-2016,57.5,59.2,61.5,370.7,49.7,2.4107,113.2,141.4,99.8831
01-06-2016,57.5,59.2,61.3,369.1,49.6,2.3792,113,142.5,99.6452
01-07-2016,57.4,59.1,61.2,365.9,49.1,2.3801,113,142.8,99.5811
01-08-2016,57.4,59.1,61.1,366.2,48.7,2.3874,113.1,142,99.1748
01-09-2016,57.1,59,61.1,364.6,48.5,2.4241,113.1,141.9,99.2405
01-10-2016,56.9,59,60.9,363.6,48,2.4541,113,141.9,99.3579
01-11-2016,56.9,59.3,60.8,362.6,48.2,2.4734,112.9,142.6,99.2827
01-12-2016,56.9,59.3,60.9,363,48.2,2.4493,112.9,141.5,99.119
01-01-2017,57.4,59.1,60.4,360.6,47.8,2.4237,112.7,140.5,99.5502
01-02-2017,57.4,59.1,60.5,360,47.7,2.4092,112.7,139.6,99.4369
01-03-2017,57.3,59.1,60.5,361.1,47.7,2.3957,112.7,140.7,99.3766
01-04-2017,57.6,59.1,60.6,361.1,48.1,2.4247,112.7,141.8,100.1678
01-05-2017,57.5,59.1,60.7,360.5,48.2,2.4237,112.7,142,99.9262
01-06-2017,57.4,59.1,60.8,361.1,48.2,2.4037,112.8,141.5,100.0886
01-07-2017,56.6,59.4,60.9,361.3,48.3,2.3681,113.1,140.7,100.2882
01-08-2017,56.5,59.4,60.9,359.8,48.2,2.3645,113.3,141,99.7654
01-09-2017,56,59.4,61,362.8,47.9,2.3746,113.3,140.1,99.6884
01-10-2017,56,60.6,61.1,364.8,48.1,2.3653,113.4,139.7,100.5902
01-11-2017,56,60.6,61.1,365.5,48.1,2.3652,113.3,139.8,100.8319
01-12-2017,56,60.6,61.1,367.3,48,2.3672,113.2,139.9,100.2895
01-01-2018,56.1,60.6,61,366.3,48.1,2.3407,113.4,139.7,99.7376
01-02-2018,56.3,60.5,61.3,367,48,2.3054,113.7,140.6,100.7041
01-03-2018,56.4,60.7,61.4,367.7,47.9,2.2817,113.8,138.8,100.428
01-04-2018,56.4,61.1,61.5,368.6,48.2,2.2618,113.8,136.6,101.2886
01-05-2018,56.2,61.3,61.4,368.6,48.1,2.272,113.8,131.5,101.0443
01-06-2018,56.2,61.3,61.1,369.3,48,2.2764,113.6,131.5,101.2142
01-07-2018,55.9,61.5,60.9,370.3,48,2.2921,113.6,134,101.7093
01-08-2018,55.5,61.3,60.8,369.9,48,2.3002,113.5,135.4,101.5408
01-09-2018,55.9,61.5,61.2,369.7,48.1,2.2878,113.4,136.2,101.3196
01-10-2018,55.6,61,61.2,369.9,47.8,2.272,113.4,137,100.9452
01-11-2018,55.6,61,61,370.6,47.6,2.234,113.4,137.3,100.6124
01-12-2018,55.6,60.9,60.6,371.6,47.4,2.2246,113.4,138.5,100.6062
01-01-2019,55.1,60.9,60.1,375,47.3,2.2615,113.8,140.3,100.2018
01-02-2019,55.1,60.9,60,375.5,46.7,2.2891,113.8,144.3,99.6022
01-03-2019,55.1,60.9,59.9,375.2,46.5,2.2903,113.8,146.9,99.386
01-04-2019,55.2,60.8,58.9,375,45.8,2.3015,113.9,150.7,98.6826
01-05-2019,55.1,60.7,58.7,374.8,45.2,2.3023,113.9,152.6,98.6153
01-06-2019,55.3,60.6,58.4,376.2,45.1,2.3202,113.9,156.3,98.6873
01-07-2019,55.4,60.3,57.7,377.3,45,2.3351,114,158.1,98.2054
01-08-2019,55.5,60.5,57.3,377.1,44.8,2.3284,114,159.9,98.7541
01-09-2019,55.6,60.5,57.3,377.7,45,2.3078,113.9,160.4,98.5561
01-10-2019,55.6,59.7,57.3,376,44.4,2.3037,113.8,161.1,98.08
01-11-2019,55.5,59.9,57.4,376.5,44.3,2.3143,113.7,163.5,98.0579
01-12-2019,55.6,60,57.6,375.4,44,2.3407,113.7,,98.4239
01-01-2020,55.5,60,57.9,374.7,43.8,2.3335,114.1,,98.1198
01-02-2020,55.5,60,58,374.7,44.1,2.3009,114.2,,98.0177
01-03-2020,55.6,60,57.8,373.6,44.8,2.3983,114.3,,95.6539
01-04-2020,54.9,60.6,58,370.3,44.5,2.6989,114.4,,83.7281
01-05-2020,54.9,60.4,57.7,368,44.5,2.6044,114.3,,86.3478
01-06-2020,54.9,61.2,57.3,370.6,44.2,2.4548,114.4,,89.2317
01-07-2020,54.7,61.2,56.4,368.2,44.3,2.3602,114.7,,91.3354
01-08-2020,54.7,61.2,56.1,368.5,44.1,2.2949,114.9,,93.4859
01-09-2020,54.7,61.1,56,368.6,43.5,2.3062,115.2,,93.4584
01-10-2020,53.8,61.1,55.7,369.2,43,2.2907,115.4,,95.0466
01-11-2020,53.9,61.1,55.7,367.4,42.7,2.2572,115.5,,95.5524
01-12-2020,54.1,61.1,55.9,368.2,42.4,2.2027,115.7,,96.1821
01-01-2021,54.2,61.1,56.2,369.7,42.8,2.164,116,,97.5709
01-02-2021,54.2,61.1,56.4,369.2,42.8,2.2125,116.1,,94.5614
01-03-2021,54.3,61.1,56.7,370.6,43.1,2.1413,116.2,,97.6191
01-04-2021,54.2,61,57.1,371.1,43.6,2.1274,116.4,,97.4933
01-05-2021,54.5,61,57.1,372.1,43.8,2.0953,116.5,,97.9699
01-06-2021,54.7,61.1,57.1,372.3,44.8,2.0354,116.8,,97.957
01-07-2021,54.558,61,57.3,372,44.8,1.9941,117.1,,98.9919
01-08-2021,54.717,61,57.4,373.2,44.8,1.9822,117.2,,99.0165
01-09-2021,54.789,61.4,57.5,374.2,45.1,2.0024,117.2,,98.812
01-10-2021,55.058,61.1,57.2,375.4,44.9,1.9712,117.4,,99.1646
01-11-2021,55.283,,,374.8,,,,,
